Empresa,Correo,Pin
Postobon,@outlook.co,2367
Soya,@outlook.co,2521
Postobon,@gmail.com,9445
Alpina,@gmail.com,6086
Ducales,@AOL.com,9767
Ducales,@gmail.com,6707
Ducales,@gmail.com,7701
Colanta,@AOL.com,2194
Postobon,@AOL.com,8602
Alpina,@gmail.com,3554
Soya,@AOL.com,6703
Colanta,@AOL.com,7461
Colanta,@outlook.co,9712
Postobon,@AOL.com,4709
Soya,@gmail.com,9508
Colanta,@gmail.com,6484
Soya,@AOL.com,1441
Zenu,@AOL.com,4622
Ducales,@gmail.com,2680
Zenu,@outlook.co,5478
Postobon,@AOL.com,6063
Alpina,@gmail.com,8458
Soya,@outlook.co,6673
Postobon,@gmail.com,5951
Alpina,@outlook.co,2931
Soya,@outlook.co,4461
Ducales,@outlook.co,7148
Zenu,@AOL.com,2103
Ducales,@gmail.com,8392
Ducales,@AOL.com,1238
Zenu,@gmail.com,5406
Zenu,@AOL.com,4327
Soya,@gmail.com,4202
Soya,@gmail.com,2890
Soya,@AOL.com,1316
Alpina,@outlook.co,9417
Colanta,@gmail.com,5392
Postobon,@AOL.com,4733
Soya,@gmail.com,8455
Alpina,@gmail.com,4458
Colanta,@gmail.com,3267
Postobon,@outlook.co,8751
Soya,@AOL.com,6481
Postobon,@AOL.com,1950
Zenu,@gmail.com,3416
Zenu,@outlook.co,1263
Ducales,@gmail.com,6979
Colanta,@outlook.co,8871
Alpina,@outlook.co,8012
Postobon,@gmail.com,9601
Soya,@gmail.com,1836
Soya,@AOL.com,6364
Zenu,@AOL.com,1862
Colanta,@AOL.com,5385
Postobon,@outlook.co,8321
Colanta,@outlook.co,9206
Zenu,@AOL.com,8940
Postobon,@gmail.com,3018
Postobon,@gmail.com,7329
Ducales,@AOL.com,3585
Alpina,@gmail.com,9799
Colanta,@outlook.co,3463
Ducales,@AOL.com,2738
Soya,@outlook.co,9345
Ducales,@outlook.co,1685
Ducales,@outlook.co,9219
Postobon,@AOL.com,5591
Ducales,@AOL.com,5542
Colanta,@gmail.com,3142
Zenu,@outlook.co,5058
Colanta,@gmail.com,6321
Zenu,@AOL.com,8752
Zenu,@gmail.com,1831
Postobon,@AOL.com,5338
Soya,@gmail.com,4942
Zenu,@outlook.co,1125
Colanta,@gmail.com,7581
Postobon,@outlook.co,3592
Soya,@outlook.co,9589
Ducales,@gmail.com,7283
Colanta,@outlook.co,6694
Alpina,@outlook.co,2163
Colanta,@gmail.com,6989
Ducales,@outlook.co,6206
Zenu,@gmail.com,4542
Alpina,@gmail.com,9291
Colanta,@outlook.co,1180
Ducales,@AOL.com,9321
Postobon,@gmail.com,2374
Alpina,@gmail.com,4493
Soya,@gmail.com,7608
Colanta,@gmail.com,1661
Soya,@gmail.com,1649
Soya,@outlook.co,5140
Ducales,@gmail.com,6990
Alpina,@outlook.co,6671
Ducales,@AOL.com,7723
Alpina,@outlook.co,5556
Alpina,@gmail.com,5121
Soya,@gmail.com,8230